{
  "admin": {
    "username": "admin",
    "password": "21232f297a57a5a743894a0e4a801fc3",
    "loginToken": "dba7a5e7f80aac878f1da7e481385e5e",
    "logs": [
      {
        "time": "2022-06-27T20:47:34.132Z",
        "type": "ERROR",
        "message": "Build Failed - Wrong Java Version Installed. Detected openjdk version \"17-interna. Please use Java 1.8.0"
      },
      {
        "time": "2022-06-27T20:49:00.162Z",
        "type": "ERROR",
        "message": "Build Failed - Wrong Java Version Installed. Detected openjdk version \"17-interna. Please use Java 1.8.0"
      },
      {
        "time": "2022-06-27T20:49:18.675Z",
        "type": "ERROR",
        "message": "Build Failed - Wrong Java Version Installed. Detected openjdk version \"17-interna. Please use Java 1.8.0"
      },
      {
        "time": "2022-06-27T21:08:43.719Z",
        "type": "ERROR",
        "message": "Build Failed - Wrong Java Version Installed. Detected openjdk version \"17-interna. Please use Java 1.8.0"
      },
      {
        "time": "2022-06-28T03:57:37.925Z",
        "type": "ERROR",
        "message": "Build Failed - Wrong Java Version Installed. Detected openjdk version \"17-interna. Please use Java 1.8.0"
      },
      {
        "time": "2022-06-28T04:00:23.166Z",
        "type": "INFO",
        "message": "b24968bb88dbe617 Connected"
      },
      {
        "time": "2022-06-28T04:01:06.831Z",
        "type": "INFO",
        "message": "Requested 0xLO From b24968bb88dbe617"
      },
      {
        "time": "2022-06-28T04:01:15.158Z",
        "type": "INFO",
        "message": "Requested 0xCL From b24968bb88dbe617"
      },
      {
        "time": "2022-06-28T04:01:34.051Z",
        "type": "SUCCESS",
        "message": "b24968bb88dbe617 Call Log Updated - 1338 New Calls"
      },
      {
        "time": "2022-06-28T04:01:36.833Z",
        "type": "INFO",
        "message": "Requested 0xCL From b24968bb88dbe617"
      },
      {
        "time": "2022-06-28T04:01:37.912Z",
        "type": "SUCCESS",
        "message": "b24968bb88dbe617 Call Log Updated - 0 New Calls"
      },
      {
        "time": "2022-06-28T04:01:50.749Z",
        "type": "INFO",
        "message": "Requested 0xSM From b24968bb88dbe617"
      },
      {
        "time": "2022-06-28T04:02:00.623Z",
        "type": "SUCCESS",
        "message": "b24968bb88dbe617 SMS List Updated - 0 New Messages"
      },
      {
        "time": "2022-06-28T04:02:15.573Z",
        "type": "INFO",
        "message": "Requested 0xPM From b24968bb88dbe617"
      },
      {
        "time": "2022-06-28T04:02:15.671Z",
        "type": "SUCCESS",
        "message": "b24968bb88dbe617 Permissions Updated"
      },
      {
        "time": "2022-06-28T04:02:25.771Z",
        "type": "INFO",
        "message": "Requested 0xWI From b24968bb88dbe617"
      },
      {
        "time": "2022-06-28T04:02:29.419Z",
        "type": "INFO",
        "message": "Requested 0xWI From b24968bb88dbe617"
      },
      {
        "time": "2022-06-28T04:02:37.465Z",
        "type": "INFO",
        "message": "Requested 0xIN From b24968bb88dbe617"
      },
      {
        "time": "2022-06-28T04:02:39.426Z",
        "type": "SUCCESS",
        "message": "b24968bb88dbe617 Apps Updated"
      },
      {
        "time": "2022-06-28T04:02:40.151Z",
        "type": "INFO",
        "message": "Requested 0xIN From b24968bb88dbe617"
      },
      {
        "time": "2022-06-28T04:02:40.461Z",
        "type": "SUCCESS",
        "message": "b24968bb88dbe617 Apps Updated"
      },
      {
        "time": "2022-06-28T16:49:51.496Z",
        "type": "INFO",
        "message": "b24968bb88dbe617 Connected"
      },
      {
        "time": "2022-06-28T16:49:51.513Z",
        "type": "INFO",
        "message": "b24968bb88dbe617 Running Queued Commands"
      },
      {
        "time": "2022-06-28T16:49:51.520Z",
        "type": "INFO",
        "message": "Requested 0xCL From b24968bb88dbe617"
      },
      {
        "time": "2022-06-28T16:49:51.565Z",
        "type": "INFO",
        "message": "Requested 0xIN From b24968bb88dbe617"
      },
      {
        "time": "2022-06-28T16:49:51.603Z",
        "type": "INFO",
        "message": "Requested 0xSM From b24968bb88dbe617"
      },
      {
        "time": "2022-06-28T16:49:58.442Z",
        "type": "SUCCESS",
        "message": "b24968bb88dbe617 Apps Updated"
      },
      {
        "time": "2022-06-28T16:51:32.172Z",
        "type": "INFO",
        "message": "Requested 0xSM From b24968bb88dbe617"
      },
      {
        "time": "2022-06-28T16:51:35.527Z",
        "type": "SUCCESS",
        "message": "b24968bb88dbe617 SMS List Updated - 0 New Messages"
      },
      {
        "time": "2022-06-28T16:51:49.880Z",
        "type": "INFO",
        "message": "Requested 0xCL From b24968bb88dbe617"
      },
      {
        "time": "2022-06-28T16:51:56.673Z",
        "type": "INFO",
        "message": "b24968bb88dbe617 Disconnected"
      },
      {
        "time": "2022-06-28T16:51:57.750Z",
        "type": "INFO",
        "message": "b24968bb88dbe617 Connected"
      },
      {
        "time": "2022-06-28T16:51:57.752Z",
        "type": "INFO",
        "message": "b24968bb88dbe617 Running Queued Commands"
      },
      {
        "time": "2022-06-28T16:51:57.754Z",
        "type": "INFO",
        "message": "Requested 0xFI From b24968bb88dbe617"
      },
      {
        "time": "2022-06-28T16:51:59.771Z",
        "type": "SUCCESS",
        "message": "File List Updated"
      },
      {
        "time": "2022-06-28T16:52:37.440Z",
        "type": "INFO",
        "message": "b24968bb88dbe617 Disconnected"
      }
    ],
    "ipLog": []
  },
  "clients": [
    {
      "clientID": "b24968bb88dbe617",
      "firstSeen": "2022-06-28T04:00:23.072Z",
      "lastSeen": "2022-06-28T16:52:37.443Z",
      "isOnline": false,
      "dynamicData": {
        "clientIP": "127.0.0.1",
        "clientGeo": {},
        "device": {
          "model": "V2035",
          "manufacture": "vivo",
          "version": "12"
        }
      }
    }
  ]
}